dereck1|El sol brillaba intensamente mientras paseábamos por el parque.|El sol brillaba intensamente mientras paseábamos por el parque.
dereck2|Ayer compré un libro muy interesante sobre historia de México.|Ayer compré un libro muy interesante sobre historia de México.
dereck3|Me gustaría aprender a tocar la guitarra en mis ratos libres.|Me gustaría aprender a tocar la guitarra en mis ratos libres.
dereck4|La cena de anoche estuvo deliciosa, me encantaría repetirla.|La cena de anoche estuvo deliciosa, me encantaría repetirla.
dereck5|Cada mañana tomo una taza de café antes de empezar a trabajar.|Cada mañana tomo una taza de café antes de empezar a trabajar.
dereck6|El autobús tardó más de lo esperado en llegar a la estación.|El autobús tardó más de lo esperado en llegar a la estación.
dereck7|Vamos a organizar una reunión con todos los amigos la próxima semana.|Vamos a organizar una reunión con todos los amigos la próxima semana.
dereck8|Me encanta escuchar el sonido de la lluvia cuando estoy en casa.|Me encanta escuchar el sonido de la lluvia cuando estoy en casa.
dereck9|El perro de mi vecino siempre ladra cuando alguien pasa por la puerta.|El perro de mi vecino siempre ladra cuando alguien pasa por la puerta.
dereck10|¿Podrías ayudarme a mover estos muebles al otro lado de la sala?|¿Podrías ayudarme a mover estos muebles al otro lado de la sala?
dereck11|La película que vimos el sábado fue muy emocionante y llena de acción.|La película que vimos el sábado fue muy emocionante y llena de acción.
dereck12|Las montañas se ven preciosas al amanecer desde mi ventana.|Las montañas se ven preciosas al amanecer desde mi ventana.
dereck13|La próxima semana comenzaremos un nuevo proyecto en la oficina.|La próxima semana comenzaremos un nuevo proyecto en la oficina.
dereck14|Anoche tuve un sueño muy extraño, pero no recuerdo todos los detalles.|Anoche tuve un sueño muy extraño, pero no recuerdo todos los detalles.
dereck15|El tráfico en la ciudad es cada vez más intenso en las horas pico.|El tráfico en la ciudad es cada vez más intenso en las horas pico.
dereck16|Estoy pensando en cambiar de carrera para dedicarme a algo que me apasione más.|Estoy pensando en cambiar de carrera para dedicarme a algo que me apasione más.
dereck17|Mi hermana me enseñó a cocinar un platillo típico de nuestra región.|Mi hermana me enseñó a cocinar un platillo típico de nuestra región.
dereck18|Me gusta salir a caminar por el parque al final del día para relajarme.|Me gusta salir a caminar por el parque al final del día para relajarme.
dereck19|El concierto de anoche fue increíble, la banda tocó todas mis canciones favoritas.|El concierto de anoche fue increíble, la banda tocó todas mis canciones favoritas.
dereck20|Mañana tengo una reunión importante en el trabajo y debo prepararme bien.|Mañana tengo una reunión importante en el trabajo y debo prepararme bien.
dereck21|Me encantaría viajar a Europa el próximo verano para conocer nuevas culturas.|Me encantaría viajar a Europa el próximo verano para conocer nuevas culturas.
dereck22|La clase de hoy fue muy interesante, aprendí mucho sobre física cuántica.|La clase de hoy fue muy interesante, aprendí mucho sobre física cuántica.
dereck23|Durante las vacaciones, planeo leer varios libros que he dejado pendientes.|Durante las vacaciones, planeo leer varios libros que he dejado pendientes.
dereck24|La bicicleta que compré es muy cómoda, ahora disfruto más de mis paseos.|La bicicleta que compré es muy cómoda, ahora disfruto más de mis paseos.
dereck25|Esta tarde, tengo una cita con el médico para una revisión de rutina.|Esta tarde, tengo una cita con el médico para una revisión de rutina.
dereck26|Me gustaría aprender otro idioma, quizás francés o italiano.|Me gustaría aprender otro idioma, quizás francés o italiano.
dereck27|Mi gato siempre se sienta en la ventana para observar a los pájaros.|Mi gato siempre se sienta en la ventana para observar a los pájaros.
dereck28|La tecnología ha avanzado mucho en los últimos años, especialmente en inteligencia artificial.|La tecnología ha avanzado mucho en los últimos años, especialmente en inteligencia artificial.
dereck29|En mi tiempo libre, me gusta ver documentales sobre historia y ciencia.|En mi tiempo libre, me gusta ver documentales sobre historia y ciencia.
dereck30|Me gusta mucho la música clásica, especialmente las obras de Beethoven.|Me gusta mucho la música clásica, especialmente las obras de Beethoven.
dereck31|Ayer fuimos a un restaurante nuevo y la comida fue excelente.|Ayer fuimos a un restaurante nuevo y la comida fue excelente.
dereck32|El clima ha estado muy cálido esta semana, pero parece que lloverá pronto.|El clima ha estado muy cálido esta semana, pero parece que lloverá pronto.
dereck33|Me siento más productivo cuando organizo mis tareas por adelantado.|Me siento más productivo cuando organizo mis tareas por adelantado.
dereck34|La exposición de arte que visité ayer tenía obras muy impresionantes.|La exposición de arte que visité ayer tenía obras muy impresionantes.
dereck35|Quiero aprender a programar para desarrollar mis propios proyectos tecnológicos.|Quiero aprender a programar para desarrollar mis propios proyectos tecnológicos.
dereck36|Durante el fin de semana, planeo hacer una excursión a las montañas con mis amigos.|Durante el fin de semana, planeo hacer una excursión a las montañas con mis amigos.
dereck37|Ayer terminé de leer un libro que me recomendó mi profesor de literatura.|Ayer terminé de leer un libro que me recomendó mi profesor de literatura.
dereck38|La próxima semana tengo que presentar un informe sobre el proyecto en el que estoy trabajando.|La próxima semana tengo que presentar un informe sobre el proyecto en el que estoy trabajando.
dereck39|El nuevo teléfono que compré tiene muchas funciones interesantes que aún estoy descubriendo.|El nuevo teléfono que compré tiene muchas funciones interesantes que aún estoy descubriendo.
dereck40|Estoy tratando de mejorar mi alimentación comiendo más frutas y verduras.|Estoy tratando de mejorar mi alimentación comiendo más frutas y verduras.
dereck41|El mercado local siempre tiene productos frescos y de buena calidad.|El mercado local siempre tiene productos frescos y de buena calidad.
dereck42|En mi trabajo, me gusta colaborar con mis compañeros para lograr los objetivos.|En mi trabajo, me gusta colaborar con mis compañeros para lograr los objetivos.
dereck43|Estoy pensando en adoptar un perro, ya que me encanta la compañía de los animales.|Estoy pensando en adoptar un perro, ya que me encanta la compañía de los animales.
dereck44|Ayer vi un documental muy interesante sobre el cambio climático y sus efectos.|Ayer vi un documental muy interesante sobre el cambio climático y sus efectos.
dereck45|El servicio de atención al cliente en esa tienda es excelente, siempre son muy amables.|El servicio de atención al cliente en esa tienda es excelente, siempre son muy amables.
dereck46|Las vacaciones de verano fueron muy divertidas, viajamos a varios lugares hermosos.|Las vacaciones de verano fueron muy divertidas, viajamos a varios lugares hermosos.
dereck47|Estoy ahorrando dinero para comprar una computadora nueva el próximo mes.|Estoy ahorrando dinero para comprar una computadora nueva el próximo mes.
dereck48|Hoy salí a correr por la mañana y me sentí lleno de energía durante todo el día.|Hoy salí a correr por la mañana y me sentí lleno de energía durante todo el día.
dereck49|Me gusta visitar museos de arte moderno y descubrir nuevas exposiciones.|Me gusta visitar museos de arte moderno y descubrir nuevas exposiciones.
dereck50|Durante el fin de semana, me dedico a descansar y pasar tiempo con mi familia.|Durante el fin de semana, me dedico a descansar y pasar tiempo con mi familia.
dereck51|El perro corrió hacia el parque en cuanto vio la pelota.|El perro corrió hacia el parque en cuanto vio la pelota.
dereck52|Hoy vamos a cenar pizza con la familia.|Hoy vamos a cenar pizza con la familia.
dereck53|Mañana tengo que ir al supermercado a comprar verduras.|Mañana tengo que ir al supermercado a comprar verduras.
dereck54|Me gusta caminar por la playa cuando está atardeciendo.|Me gusta caminar por la playa cuando está atardeciendo.
dereck55|El café de esta mañana estaba más fuerte de lo normal.|El café de esta mañana estaba más fuerte de lo normal.
dereck56|Ayer vimos una película divertida en casa.|Ayer vimos una película divertida en casa.
dereck57|Mi hermana tiene una bicicleta nueva y le encanta pasear con ella.|Mi hermana tiene una bicicleta nueva y le encanta pasear con ella.
dereck58|Los niños juegan en el patio mientras los adultos conversan.|Los niños juegan en el patio mientras los adultos conversan.
dereck59|Esta tarde voy a leer un libro que me prestaron.|Esta tarde voy a leer un libro que me prestaron.
dereck60|El cielo está nublado, creo que va a llover pronto.|El cielo está nublado, creo que va a llover pronto.
dereck61|Mi amigo me invitó a su fiesta de cumpleaños el sábado.|Mi amigo me invitó a su fiesta de cumpleaños el sábado.
dereck62|Hoy tenemos una reunión importante en el trabajo.|Hoy tenemos una reunión importante en el trabajo.
dereck63|Me gusta escuchar música cuando limpio la casa.|Me gusta escuchar música cuando limpio la casa.
dereck64|Mañana voy a visitar a mis abuelos en el campo.|Mañana voy a visitar a mis abuelos en el campo.
dereck65|El gato siempre se sienta cerca de la ventana para tomar el sol.|El gato siempre se sienta cerca de la ventana para tomar el sol.
dereck66|Ayer fuimos al parque a hacer un picnic con amigos.|Ayer fuimos al parque a hacer un picnic con amigos.
dereck67|Los fines de semana me gusta salir a correr por la mañana.|Los fines de semana me gusta salir a correr por la mañana.
dereck68|Mi hermano está aprendiendo a tocar el piano y lo hace muy bien.|Mi hermano está aprendiendo a tocar el piano y lo hace muy bien.
dereck69|Hoy es el último día de clases antes de las vacaciones.|Hoy es el último día de clases antes de las vacaciones.
dereck70|El chocolate caliente es perfecto para los días fríos.|El chocolate caliente es perfecto para los días fríos.
dereck71|En mi casa siempre tenemos frutas frescas para el desayuno.|En mi casa siempre tenemos frutas frescas para el desayuno.
dereck72|Vamos a ver si hay ofertas en la tienda de ropa este viernes.|Vamos a ver si hay ofertas en la tienda de ropa este viernes.
dereck73|El coche necesita una revisión antes de salir de viaje.|El coche necesita una revisión antes de salir de viaje.
dereck74|Mi amiga y yo vamos a estudiar juntas para el examen del lunes.|Mi amiga y yo vamos a estudiar juntas para el examen del lunes.
dereck75|A mi mamá le gusta mucho cuidar las plantas del jardín.|A mi mamá le gusta mucho cuidar las plantas del jardín.
dereck76|En la escuela están organizando una feria de ciencias para todos los estudiantes.|En la escuela están organizando una feria de ciencias para todos los estudiantes.
dereck77|El perro duerme en su cama después de un largo paseo.|El perro duerme en su cama después de un largo paseo.
dereck78|Hoy comimos tacos y estaban deliciosos.|Hoy comimos tacos y estaban deliciosos.
dereck79|El viento está soplando muy fuerte esta mañana.|El viento está soplando muy fuerte esta mañana.
dereck80|El bebé se quedó dormido en los brazos de su mamá.|El bebé se quedó dormido en los brazos de su mamá.
dereck81|Mi papá siempre cuenta historias divertidas durante la cena.|Mi papá siempre cuenta historias divertidas durante la cena.
dereck82|A veces me gusta pintar o dibujar cuando tengo tiempo libre.|A veces me gusta pintar o dibujar cuando tengo tiempo libre.
dereck83|Mi hermana pequeña está aprendiendo a andar en bicicleta sin rueditas.|Mi hermana pequeña está aprendiendo a andar en bicicleta sin rueditas.
dereck84|La televisión no está funcionando bien, creo que necesita repararse.|La televisión no está funcionando bien, creo que necesita repararse.
dereck85|Me gusta tomar jugo de naranja en las mañanas.|Me gusta tomar jugo de naranja en las mañanas.
dereck86|Hoy no hice nada especial, solo descansé y vi televisión.|Hoy no hice nada especial, solo descansé y vi televisión.
dereck87|Me encanta escuchar el sonido de la lluvia mientras leo un libro.|Me encanta escuchar el sonido de la lluvia mientras leo un libro.
dereck88|En mi ciudad hay muchos parques bonitos para pasear.|En mi ciudad hay muchos parques bonitos para pasear.
dereck89|Mis amigos y yo fuimos al cine a ver la película nueva.|Mis amigos y yo fuimos al cine a ver la película nueva.
dereck90|Siempre me levanto temprano para hacer ejercicio antes del trabajo.|Siempre me levanto temprano para hacer ejercicio antes del trabajo.
dereck91|Me gusta mucho el helado de fresa, es mi sabor favorito.|Me gusta mucho el helado de fresa, es mi sabor favorito.
dereck92|Mañana tenemos que preparar todo para la fiesta de cumpleaños.|Mañana tenemos que preparar todo para la fiesta de cumpleaños.
dereck93|El tren llegó tarde hoy por la mañana, así que me retrasé un poco.|El tren llegó tarde hoy por la mañana, así que me retrasé un poco.
dereck94|Mi mamá hizo una sopa de pollo deliciosa para la cena de hoy.|Mi mamá hizo una sopa de pollo deliciosa para la cena de hoy.
dereck95|En verano siempre vamos a la playa a nadar y tomar el sol.|En verano siempre vamos a la playa a nadar y tomar el sol.
dereck96|Ayer terminé el libro que estaba leyendo y me gustó mucho.|Ayer terminé el libro que estaba leyendo y me gustó mucho.
dereck97|Mi prima vendrá de visita la próxima semana y pasaremos tiempo juntas.|Mi prima vendrá de visita la próxima semana y pasaremos tiempo juntas.
dereck98|El agua del lago está muy fría, pero igual me quiero meter.|El agua del lago está muy fría, pero igual me quiero meter.
dereck99|Vamos a hacer una parrillada el domingo en el jardín de la casa.|Vamos a hacer una parrillada el domingo en el jardín de la casa.
dereck100|Las flores del parque están muy bonitas en esta época del año.|Las flores del parque están muy bonitas en esta época del año.
dereck101|Hoy tengo que lavar la ropa y limpiar la casa.|Hoy tengo que lavar la ropa y limpiar la casa.
dereck102|Mi primo va a venir a jugar videojuegos conmigo esta tarde.|Mi primo va a venir a jugar videojuegos conmigo esta tarde.
dereck103|El sol está muy fuerte, no olvides ponerte protector solar.|El sol está muy fuerte, no olvides ponerte protector solar.
dereck104|Mañana iremos al centro comercial a comprar unos zapatos nuevos.|Mañana iremos al centro comercial a comprar unos zapatos nuevos.
dereck105|A mi papá le encanta cocinar asado los fines de semana.|A mi papá le encanta cocinar asado los fines de semana.
dereck106|Hoy en la mañana tomé té en lugar de café.|Hoy en la mañana tomé té en lugar de café.
dereck107|Mi mejor amigo y yo vamos al gimnasio juntos todos los días.|Mi mejor amigo y yo vamos al gimnasio juntos todos los días.
dereck108|El gato de mi vecina siempre entra a mi casa por la ventana.|El gato de mi vecina siempre entra a mi casa por la ventana.
dereck109|Este fin de semana vamos a acampar en las montañas.|Este fin de semana vamos a acampar en las montañas.
dereck110|Me gustaría aprender a nadar bien para disfrutar más el verano.|Me gustaría aprender a nadar bien para disfrutar más el verano.
dereck111|Hoy compré una nueva planta para decorar mi sala.|Hoy compré una nueva planta para decorar mi sala.
dereck112|El avión despegó más tarde de lo planeado, pero llegamos a tiempo.|El avión despegó más tarde de lo planeado, pero llegamos a tiempo.
dereck113|Me gusta mucho desayunar huevos con jamón por la mañana.|Me gusta mucho desayunar huevos con jamón por la mañana.
dereck114|Mi hermana y yo vamos a pintar la sala de color azul.|Mi hermana y yo vamos a pintar la sala de color azul.
dereck115|El partido de fútbol de ayer estuvo muy emocionante.|El partido de fútbol de ayer estuvo muy emocionante.
dereck116|Vamos a organizar una tarde de juegos con mis amigos este domingo.|Vamos a organizar una tarde de juegos con mis amigos este domingo.
dereck117|A mi perro le encanta correr en el parque cuando lo sacamos a pasear.|A mi perro le encanta correr en el parque cuando lo sacamos a pasear.
dereck118|Mañana tenemos una cita en el dentista para revisar nuestros dientes.|Mañana tenemos una cita en el dentista para revisar nuestros dientes.
dereck119|Hoy tengo que hacer tarea, pero primero voy a descansar un rato.|Hoy tengo que hacer tarea, pero primero voy a descansar un rato.
dereck120|En mi barrio hay una nueva panadería que hace unos panes deliciosos.|En mi barrio hay una nueva panadería que hace unos panes deliciosos.
dereck121|Me gusta mucho el aroma del café recién hecho en la mañana.|Me gusta mucho el aroma del café recién hecho en la mañana.
dereck122|Ayer nos quedamos despiertos hasta tarde viendo una película.|Ayer nos quedamos despiertos hasta tarde viendo una película.
dereck123|Mañana tengo una reunión muy importante en el trabajo.|Mañana tengo una reunión muy importante en el trabajo.
dereck124|Los domingos por la tarde me gusta leer un buen libro.|Los domingos por la tarde me gusta leer un buen libro.
dereck125|En vacaciones, me encanta ir a la playa a disfrutar del mar.|En vacaciones, me encanta ir a la playa a disfrutar del mar.
dereck126|Hoy voy a preparar una ensalada fresca para el almuerzo.|Hoy voy a preparar una ensalada fresca para el almuerzo.
dereck127|El coche de mi hermano tiene un problema en el motor y no arranca.|El coche de mi hermano tiene un problema en el motor y no arranca.
dereck128|Vamos a celebrar el cumpleaños de mi mamá el próximo viernes.|Vamos a celebrar el cumpleaños de mi mamá el próximo viernes.
dereck129|Los árboles del parque están llenos de hojas verdes y flores.|Los árboles del parque están llenos de hojas verdes y flores.
dereck130|Ayer fuimos al zoológico y vimos muchos animales interesantes.|Ayer fuimos al zoológico y vimos muchos animales interesantes.
dereck131|Mi abuelo siempre me cuenta historias de cuando era joven.|Mi abuelo siempre me cuenta historias de cuando era joven.
dereck132|Esta tarde vamos a jugar al fútbol con mis primos en la cancha.|Esta tarde vamos a jugar al fútbol con mis primos en la cancha.
dereck133|El tren que tomamos hoy fue muy rápido y cómodo.|El tren que tomamos hoy fue muy rápido y cómodo.
dereck134|Siempre disfruto de tomar una siesta después del almuerzo.|Siempre disfruto de tomar una siesta después del almuerzo.
dereck135|A mi hermano pequeño le encanta jugar con sus coches de juguete.|A mi hermano pequeño le encanta jugar con sus coches de juguete.
dereck136|El agua del río estaba muy fría, pero fue divertido nadar allí.|El agua del río estaba muy fría, pero fue divertido nadar allí.
dereck137|Hoy voy a preparar una receta nueva que encontré en internet.|Hoy voy a preparar una receta nueva que encontré en internet.
dereck138|A mi papá le gusta arreglar cosas en la casa durante el fin de semana.|A mi papá le gusta arreglar cosas en la casa durante el fin de semana.
dereck139|Mañana hay una feria en la ciudad y vamos a ir a comer algo rico.|Mañana hay una feria en la ciudad y vamos a ir a comer algo rico.
dereck140|Me encanta pasar tiempo con mi familia viendo películas los domingos.|Me encanta pasar tiempo con mi familia viendo películas los domingos.
dereck141|Hoy nos quedamos hasta tarde hablando y riendo en la casa de mi amigo.|Hoy nos quedamos hasta tarde hablando y riendo en la casa de mi amigo.
dereck142|Mi abuela hace los mejores pasteles de manzana que he probado.|Mi abuela hace los mejores pasteles de manzana que he probado.
dereck143|Me gustaría aprender a bailar salsa para las fiestas familiares.|Me gustaría aprender a bailar salsa para las fiestas familiares.
dereck144|Mi gato siempre se duerme en el lugar más cómodo de la casa.|Mi gato siempre se duerme en el lugar más cómodo de la casa.
dereck145|El mar estaba tranquilo hoy, así que fue perfecto para nadar.|El mar estaba tranquilo hoy, así que fue perfecto para nadar.
dereck146|Mañana quiero ir al parque a leer un libro bajo los árboles.|Mañana quiero ir al parque a leer un libro bajo los árboles.
dereck147|Vamos a ir de compras esta tarde para buscar ropa de verano.|Vamos a ir de compras esta tarde para buscar ropa de verano.
dereck148|Mi perro siempre se emociona cuando ve su correa porque sabe que vamos a salir.|Mi perro siempre se emociona cuando ve su correa porque sabe que vamos a salir.
dereck149|Ayer comí una hamburguesa tan grande que no pude terminarla.|Ayer comí una hamburguesa tan grande que no pude terminarla.
dereck150|El coche de mi tío es muy rápido, siempre me lleva de paseo cuando nos visita.|El coche de mi tío es muy rápido, siempre me lleva de paseo cuando nos visita.
dereck151|¡Qué hermoso es el amanecer en la playa!|¡Qué hermoso es el amanecer en la playa!
dereck152|¿Cuántos libros has leído este mes?|¿Cuántos libros has leído este mes?
dereck153|¡No puedo creer que ya sea viernes!|¡No puedo creer que ya sea viernes!
dereck154|¿Por qué no viniste a la fiesta ayer?|¿Por qué no viniste a la fiesta ayer?
dereck155|¡Vamos a la montaña este fin de semana!|¡Vamos a la montaña este fin de semana!
dereck156|¿Te gustaría salir a caminar por el parque esta tarde?|¿Te gustaría salir a caminar por el parque esta tarde?
dereck157|¡Esto es absolutamente increíble!|¡Esto es absolutamente increíble!
dereck158|¿A qué hora piensas llegar a la reunión mañana?|¿A qué hora piensas llegar a la reunión mañana?
dereck159|¡Qué delicia fue la comida de hoy!|¡Qué delicia fue la comida de hoy!
dereck160|¿Dónde dejé mis llaves?|¿Dónde dejé mis llaves?
dereck161|¡No puedo esperar para ver la nueva película!|¡No puedo esperar para ver la nueva película!
dereck162|¿Cómo te fue en el examen de matemáticas?|¿Cómo te fue en el examen de matemáticas?
dereck163|¡Qué sorpresa tan grande me llevé ayer!|¡Qué sorpresa tan grande me llevé ayer!
dereck164|¿Sabes qué hora es?|¿Sabes qué hora es?
dereck165|¡Esto es más difícil de lo que pensaba!|¡Esto es más difícil de lo que pensaba!
dereck166|¿Quién va a venir al concierto mañana?|¿Quién va a venir al concierto mañana?
dereck167|¡Me encanta cómo decoraste la casa!|¡Me encanta cómo decoraste la casa!
dereck168|¿Por qué no probamos una nueva receta este fin de semana?|¿Por qué no probamos una nueva receta este fin de semana?
dereck169|¡Cuidado, la sopa está muy caliente!|¡Cuidado, la sopa está muy caliente!
dereck170|¿Crees que va a llover esta tarde?|¿Crees que va a llover esta tarde?
dereck171|¡Qué rápido ha pasado el tiempo!|¡Qué rápido ha pasado el tiempo!
dereck172|¿Cuándo fue la última vez que visitaste a tus abuelos?|¿Cuándo fue la última vez que visitaste a tus abuelos?
dereck173|¡Esto es lo que estaba buscando todo el día!|¡Esto es lo que estaba buscando todo el día!
dereck174|¿Puedes ayudarme con esta tarea, por favor?|¿Puedes ayudarme con esta tarea, por favor?
dereck175|¡Qué gran idea tuviste para la fiesta!|¡Qué gran idea tuviste para la fiesta!
dereck176|¿Cómo es posible que no hayas escuchado esa noticia?|¿Cómo es posible que no hayas escuchado esa noticia?
dereck177|¡Estoy tan emocionado por el viaje!|¡Estoy tan emocionado por el viaje!
dereck178|¿Dónde compraste esa hermosa chaqueta?|¿Dónde compraste esa hermosa chaqueta?
dereck179|¡Qué maravilla haber terminado todo el trabajo a tiempo!|¡Qué maravilla haber terminado todo el trabajo a tiempo!
dereck180|¿Te gustaría tomar un café conmigo mañana?|¿Te gustaría tomar un café conmigo mañana?
dereck181|¡Mira, qué bello se ve el cielo al atardecer!|¡Mira, qué bello se ve el cielo al atardecer!
dereck182|¿Cuál es tu comida favorita?|¿Cuál es tu comida favorita?
dereck183|¡Esto es justo lo que necesitábamos!|¡Esto es justo lo que necesitábamos!
dereck184|¿Qué planes tienes para el fin de semana?|¿Qué planes tienes para el fin de semana?
dereck185|¡Nunca había visto algo tan increíble!|¡Nunca había visto algo tan increíble!
dereck186|¿Sabías que mañana es el cumpleaños de Juan?|¿Sabías que mañana es el cumpleaños de Juan?
dereck187|¡Qué cansado estoy después de tanto trabajo!|¡Qué cansado estoy después de tanto trabajo!
dereck188|¿Cuándo piensas empezar a estudiar para el examen?|¿Cuándo piensas empezar a estudiar para el examen?
dereck189|¡Qué emoción, mañana empieza el concierto!|¡Qué emoción, mañana empieza el concierto!
dereck190|¿Qué opinas sobre la película que vimos ayer?|¿Qué opinas sobre la película que vimos ayer?
dereck191|¡Esto es más de lo que esperaba!|¡Esto es más de lo que esperaba!
dereck192|¿Quién te acompañará a la fiesta de mañana?|¿Quién te acompañará a la fiesta de mañana?
dereck193|¡Qué gran sorpresa fue ver a todos mis amigos reunidos!|¡Qué gran sorpresa fue ver a todos mis amigos reunidos!
dereck194|¿Cómo te sientes después de haber corrido tanto?|¿Cómo te sientes después de haber corrido tanto?
dereck195|¡Qué hermoso es el paisaje desde esta montaña!|¡Qué hermoso es el paisaje desde esta montaña!
dereck196|¿Por qué no vienes a cenar con nosotros esta noche?|¿Por qué no vienes a cenar con nosotros esta noche?
dereck197|¡Ten cuidado con el vaso, se puede romper!|¡Ten cuidado con el vaso, se puede romper!
dereck198|¿Qué harás cuando termines de trabajar?|¿Qué harás cuando termines de trabajar?
dereck199|¡Qué emoción tan grande siento por empezar este proyecto!|¡Qué emoción tan grande siento por empezar este proyecto!
dereck200|¿Crees que podamos terminar a tiempo?|¿Crees que podamos terminar a tiempo?
dereck201|El sol brilla con fuerza sobre el campo verde lleno de flores.|El sol brilla con fuerza sobre el campo verde lleno de flores.
dereck202|Ayer caminamos por la playa mientras el viento suave nos acariciaba el rostro.|Ayer caminamos por la playa mientras el viento suave nos acariciaba el rostro.
dereck203|Las montañas se veían majestuosas en la distancia, cubiertas de niebla.|Las montañas se veían majestuosas en la distancia, cubiertas de niebla.
dereck204|La lluvia comenzó a caer justo cuando llegábamos a la puerta de la casa.|La lluvia comenzó a caer justo cuando llegábamos a la puerta de la casa.
dereck205|Los niños jugaban en el parque, riendo y corriendo entre los árboles.|Los niños jugaban en el parque, riendo y corriendo entre los árboles.
dereck206|El libro que leí la semana pasada me hizo reflexionar sobre la vida.|El libro que leí la semana pasada me hizo reflexionar sobre la vida.
dereck207|Cada mañana disfruto de un café caliente mientras escucho el canto de los pájaros.|Cada mañana disfruto de un café caliente mientras escucho el canto de los pájaros.
dereck208|Las estrellas iluminaron el cielo nocturno, creando un espectáculo deslumbrante.|Las estrellas iluminaron el cielo nocturno, creando un espectáculo deslumbrante.
dereck209|En el mercado compré frutas frescas, vegetales y algunas hierbas aromáticas.|En el mercado compré frutas frescas, vegetales y algunas hierbas aromáticas.
dereck210|Mis amigos y yo organizamos una fiesta sorpresa para celebrar su cumpleaños.|Mis amigos y yo organizamos una fiesta sorpresa para celebrar su cumpleaños.
dereck211|El perro corría alegremente por el jardín, persiguiendo a una mariposa.|El perro corría alegremente por el jardín, persiguiendo a una mariposa.
dereck212|El tren pasó a gran velocidad, dejando un fuerte viento detrás de él.|El tren pasó a gran velocidad, dejando un fuerte viento detrás de él.
dereck213|Me encanta pasear por el bosque en otoño cuando las hojas cambian de color.|Me encanta pasear por el bosque en otoño cuando las hojas cambian de color.
dereck214|La receta de mi abuela es un secreto que ha pasado de generación en generación.|La receta de mi abuela es un secreto que ha pasado de generación en generación.
dereck215|Las luces de la ciudad se encendieron justo cuando el sol comenzaba a ponerse.|Las luces de la ciudad se encendieron justo cuando el sol comenzaba a ponerse.
dereck216|Cada tarde me siento en la terraza a leer un buen libro mientras cae la tarde.|Cada tarde me siento en la terraza a leer un buen libro mientras cae la tarde.
dereck217|Los niños construyeron un castillo de arena cerca del agua y lo decoraron con conchas.|Los niños construyeron un castillo de arena cerca del agua y lo decoraron con conchas.
dereck218|El aroma del pan recién horneado inundó la cocina y nos hizo sentir hambre.|El aroma del pan recién horneado inundó la cocina y nos hizo sentir hambre.
dereck219|El gato dormía plácidamente en el sofá, disfrutando de la tranquilidad de la casa.|El gato dormía plácidamente en el sofá, disfrutando de la tranquilidad de la casa.
dereck220|Las flores en el jardín florecieron con intensidad después de la lluvia de la noche anterior.|Las flores en el jardín florecieron con intensidad después de la lluvia de la noche anterior.
dereck221|Ayer visitamos un museo lleno de obras de arte antiguas y modernas.|Ayer visitamos un museo lleno de obras de arte antiguas y modernas.
dereck222|El avión despegó sin problemas y pronto estuvimos sobrevolando las nubes.|El avión despegó sin problemas y pronto estuvimos sobrevolando las nubes.
dereck223|En la biblioteca encontré un libro que había estado buscando durante mucho tiempo.|En la biblioteca encontré un libro que había estado buscando durante mucho tiempo.
dereck224|La luna llena iluminaba el camino mientras paseábamos por la noche.|La luna llena iluminaba el camino mientras paseábamos por la noche.
dereck225|El sonido del río fluyendo suavemente nos acompañaba mientras caminábamos por el sendero.|El sonido del río fluyendo suavemente nos acompañaba mientras caminábamos por el sendero.
dereck226|El festival local atrajo a muchas personas que disfrutaron de la comida y la música.|El festival local atrajo a muchas personas que disfrutaron de la comida y la música.
dereck227|Los estudiantes escuchaban atentamente al profesor mientras explicaba la lección del día.|Los estudiantes escuchaban atentamente al profesor mientras explicaba la lección del día.
dereck228|El viento movía las ramas de los árboles, creando sombras en el suelo.|El viento movía las ramas de los árboles, creando sombras en el suelo.
dereck229|El gato saltó ágilmente sobre la mesa y se acurrucó junto al jarrón de flores.|El gato saltó ágilmente sobre la mesa y se acurrucó junto al jarrón de flores.
dereck230|La película que vimos anoche fue muy emocionante y nos mantuvo al borde del asiento.|La película que vimos anoche fue muy emocionante y nos mantuvo al borde del asiento.
dereck231|El desayuno de esta mañana fue delicioso, con huevos revueltos y jugo fresco.|El desayuno de esta mañana fue delicioso, con huevos revueltos y jugo fresco.
dereck232|Los pájaros cantaban alegremente en las ramas mientras el sol se alzaba.|Los pájaros cantaban alegremente en las ramas mientras el sol se alzaba.
dereck233|El viaje en barco nos llevó por aguas tranquilas, rodeadas de naturaleza impresionante.|El viaje en barco nos llevó por aguas tranquilas, rodeadas de naturaleza impresionante.
dereck234|Cada tarde me gusta tomar una taza de té mientras veo caer la lluvia por la ventana.|Cada tarde me gusta tomar una taza de té mientras veo caer la lluvia por la ventana.
dereck235|Las calles estaban llenas de vida con personas que caminaban y charlaban alegremente.|Las calles estaban llenas de vida con personas que caminaban y charlaban alegremente.
dereck236|El invierno llegó y cubrió todo con una capa suave de nieve.|El invierno llegó y cubrió todo con una capa suave de nieve.
dereck237|El tren llegó a la estación justo a tiempo y nos subimos rápidamente.|El tren llegó a la estación justo a tiempo y nos subimos rápidamente.
dereck238|Ayer, en el supermercado, compramos todo lo necesario para la cena de esta noche.|Ayer, en el supermercado, compramos todo lo necesario para la cena de esta noche.
dereck239|El perro ladraba en el jardín, emocionado por la llegada de los invitados.|El perro ladraba en el jardín, emocionado por la llegada de los invitados.
dereck240|Las olas del mar rompían suavemente contra la orilla mientras el sol se ocultaba.|Las olas del mar rompían suavemente contra la orilla mientras el sol se ocultaba.
dereck241|En el parque, las personas paseaban a sus perros mientras disfrutaban del buen clima.|En el parque, las personas paseaban a sus perros mientras disfrutaban del buen clima.
dereck242|La tienda de la esquina siempre tiene las mejores frutas y verduras frescas.|La tienda de la esquina siempre tiene las mejores frutas y verduras frescas.
dereck243|El autobús estaba lleno de gente que iba de camino al trabajo por la mañana.|El autobús estaba lleno de gente que iba de camino al trabajo por la mañana.
dereck244|El cielo estaba despejado y el sol brillaba con fuerza durante todo el día.|El cielo estaba despejado y el sol brillaba con fuerza durante todo el día.
dereck245|La película terminó y nos quedamos hablando sobre ella durante horas.|La película terminó y nos quedamos hablando sobre ella durante horas.
dereck246|Los estudiantes estaban nerviosos por el examen que tenían al día siguiente.|Los estudiantes estaban nerviosos por el examen que tenían al día siguiente.
dereck247|El postre que preparé anoche resultó ser un éxito en la cena familiar.|El postre que preparé anoche resultó ser un éxito en la cena familiar.
dereck248|Las aves migratorias comenzaron su largo viaje hacia el sur con la llegada del otoño.|Las aves migratorias comenzaron su largo viaje hacia el sur con la llegada del otoño.
dereck249|El mar estaba en calma y el sonido de las olas era relajante.|El mar estaba en calma y el sonido de las olas era relajante.
dereck250|Los niños corrieron hacia la playa, emocionados por nadar en el mar.|Los niños corrieron hacia la playa, emocionados por nadar en el mar.
dereck251|El aroma del café recién hecho llenó la cocina en la mañana.|El aroma del café recién hecho llenó la cocina en la mañana.
dereck252|En el parque, los niños jugaban al fútbol mientras sus padres los observaban desde los bancos.|En el parque, los niños jugaban al fútbol mientras sus padres los observaban desde los bancos.
dereck253|La caminata por la montaña fue agotadora, pero la vista desde la cima valió la pena.|La caminata por la montaña fue agotadora, pero la vista desde la cima valió la pena.
dereck254|Ayer por la tarde, nos reunimos en la plaza para celebrar la fiesta local.|Ayer por la tarde, nos reunimos en la plaza para celebrar la fiesta local.
dereck255|El tren se detuvo en una pequeña estación en medio del campo, rodeado de colinas verdes.|El tren se detuvo en una pequeña estación en medio del campo, rodeado de colinas verdes.
dereck256|El perro se acurrucó a mis pies mientras leía tranquilamente un libro.|El perro se acurrucó a mis pies mientras leía tranquilamente un libro.
dereck257|En el bosque, los árboles altos creaban un techo natural que filtraba la luz del sol.|En el bosque, los árboles altos creaban un techo natural que filtraba la luz del sol.
dereck258|Los niños construyeron una casa de madera en el jardín y pasaron todo el día jugando en ella.|Los niños construyeron una casa de madera en el jardín y pasaron todo el día jugando en ella.
dereck259|Las nubes cubrieron el cielo por completo y pronto comenzó a llover.|Las nubes cubrieron el cielo por completo y pronto comenzó a llover.
dereck260|El viento frío soplaba con fuerza, haciendo que las hojas cayeran de los árboles.|El viento frío soplaba con fuerza, haciendo que las hojas cayeran de los árboles.
dereck261|En la feria, había una gran variedad de comida y juegos para disfrutar.|En la feria, había una gran variedad de comida y juegos para disfrutar.
dereck262|El autobús llegó tarde, pero finalmente nos llevó al destino que habíamos planeado.|El autobús llegó tarde, pero finalmente nos llevó al destino que habíamos planeado.
dereck263|El cielo estrellado nos acompañaba mientras caminábamos por el sendero en la noche.|El cielo estrellado nos acompañaba mientras caminábamos por el sendero en la noche.
dereck264|La cena fue deliciosa, con platos tradicionales preparados por mi madre.|La cena fue deliciosa, con platos tradicionales preparados por mi madre.
dereck265|El parque estaba lleno de flores de colores que atraían a muchos insectos.|El parque estaba lleno de flores de colores que atraían a muchos insectos.
dereck266|El viento movía suavemente las hojas de los árboles en el bosque.|El viento movía suavemente las hojas de los árboles en el bosque.
dereck267|En la tienda compré algunos artículos que necesitaba para la casa.|En la tienda compré algunos artículos que necesitaba para la casa.
dereck268|El gato se estiró perezosamente en el sofá mientras la casa permanecía en silencio.|El gato se estiró perezosamente en el sofá mientras la casa permanecía en silencio.
dereck269|La tormenta llegó de repente, con truenos y relámpagos que iluminaron el cielo.|La tormenta llegó de repente, con truenos y relámpagos que iluminaron el cielo.
dereck270|El río fluía tranquilamente mientras nos sentábamos en la orilla a descansar.|El río fluía tranquilamente mientras nos sentábamos en la orilla a descansar.
dereck271|El avión aterrizó sin problemas después de un vuelo largo y agotador.|El avión aterrizó sin problemas después de un vuelo largo y agotador.
dereck272|En el parque, vimos a varias personas paseando con sus bicicletas bajo el sol.|En el parque, vimos a varias personas paseando con sus bicicletas bajo el sol.
dereck273|El aroma de la comida recién hecha nos invitó a sentarnos a la mesa de inmediato.|El aroma de la comida recién hecha nos invitó a sentarnos a la mesa de inmediato.
dereck274|Los niños pasaron la tarde jugando en el jardín mientras los adultos conversaban.|Los niños pasaron la tarde jugando en el jardín mientras los adultos conversaban.
dereck275|La puesta de sol pintó el cielo de colores naranjas y rosas sobre el horizonte.|La puesta de sol pintó el cielo de colores naranjas y rosas sobre el horizonte.
dereck276|Las flores en el jardín estaban en plena floración después de las lluvias recientes.|Las flores en el jardín estaban en plena floración después de las lluvias recientes.
dereck277|El tren atravesó paisajes hermosos mientras nos dirigíamos hacia nuestra próxima aventura.|El tren atravesó paisajes hermosos mientras nos dirigíamos hacia nuestra próxima aventura.
dereck278|La ciudad estaba llena de vida con personas caminando por las calles iluminadas.|La ciudad estaba llena de vida con personas caminando por las calles iluminadas.
dereck279|El mercado local tenía una gran variedad de frutas, vegetales y productos frescos.|El mercado local tenía una gran variedad de frutas, vegetales y productos frescos.
dereck280|El perro ladró emocionado cuando su dueño llegó a casa después de un largo día.|El perro ladró emocionado cuando su dueño llegó a casa después de un largo día.
dereck281|Los pájaros volaban en el cielo, formando patrones mientras cruzaban las nubes.|Los pájaros volaban en el cielo, formando patrones mientras cruzaban las nubes.
dereck282|El festival estaba lleno de colores, música y personas que disfrutaban del ambiente.|El festival estaba lleno de colores, música y personas que disfrutaban del ambiente.
dereck283|El coche se detuvo frente a la casa justo cuando comenzó a llover.|El coche se detuvo frente a la casa justo cuando comenzó a llover.
dereck284|Los niños saltaron al agua y nadaron felizmente en el lago mientras el sol brillaba.|Los niños saltaron al agua y nadaron felizmente en el lago mientras el sol brillaba.
dereck285|El aroma del pan recién hecho llenó la pequeña panadería de la esquina.|El aroma del pan recién hecho llenó la pequeña panadería de la esquina.
dereck286|El camino hacia la montaña era largo, pero las vistas eran espectaculares.|El camino hacia la montaña era largo, pero las vistas eran espectaculares.
dereck287|La película que vimos anoche fue divertida y nos hizo reír mucho.|La película que vimos anoche fue divertida y nos hizo reír mucho.
dereck288|El autobús nos llevó por las colinas, ofreciendo vistas hermosas del paisaje.|El autobús nos llevó por las colinas, ofreciendo vistas hermosas del paisaje.
dereck289|En la mañana, los pájaros cantaban alegremente mientras el sol se alzaba.|En la mañana, los pájaros cantaban alegremente mientras el sol se alzaba.
dereck290|La cafetería estaba llena de gente, disfrutando de bebidas calientes y dulces.|La cafetería estaba llena de gente, disfrutando de bebidas calientes y dulces.
dereck291|El cielo estaba despejado y la temperatura perfecta para un paseo por el parque.|El cielo estaba despejado y la temperatura perfecta para un paseo por el parque.
dereck292|Las nubes cubrieron el cielo por completo, pero la lluvia no llegó hasta la tarde.|Las nubes cubrieron el cielo por completo, pero la lluvia no llegó hasta la tarde.
dereck293|El gato se acurrucó junto a la ventana, observando el jardín con curiosidad.|El gato se acurrucó junto a la ventana, observando el jardín con curiosidad.
dereck294|El tren salió de la estación a tiempo, y pronto estábamos cruzando el campo.|El tren salió de la estación a tiempo, y pronto estábamos cruzando el campo.
dereck295|El aroma de las flores en el jardín era fuerte y agradable, atrayendo a muchas abejas.|El aroma de las flores en el jardín era fuerte y agradable, atrayendo a muchas abejas.
dereck296|El perro corría de un lado a otro en el parque, persiguiendo su pelota favorita.|El perro corría de un lado a otro en el parque, persiguiendo su pelota favorita.
dereck297|El sonido de las olas del mar era relajante mientras nos sentábamos en la orilla.|El sonido de las olas del mar era relajante mientras nos sentábamos en la orilla.
dereck298|Las hojas de los árboles se movían con el viento, creando sombras en el suelo.|Las hojas de los árboles se movían con el viento, creando sombras en el suelo.
dereck299|Los niños estaban emocionados por el paseo en barco, ya que nunca antes habían navegado.|Los niños estaban emocionados por el paseo en barco, ya que nunca antes habían navegado.
dereck300|El sol se ocultaba tras las montañas, creando un espectáculo de colores en el cielo.|El sol se ocultaba tras las montañas, creando un espectáculo de colores en el cielo.
dereck301|¿Dónde está la estación de trenes más cercana?|¿Dónde está la estación de trenes más cercana?
dereck302|Ayer caminé por el parque y observé cómo los pájaros volaban sobre los árboles.|Ayer caminé por el parque y observé cómo los pájaros volaban sobre los árboles.
dereck303|¿Por qué no viniste a la reunión que tuvimos el martes pasado?|¿Por qué no viniste a la reunión que tuvimos el martes pasado?
dereck304|La niña se asustó al escuchar un trueno tan fuerte durante la tormenta.|La niña se asustó al escuchar un trueno tan fuerte durante la tormenta.
dereck305|El café que compramos en la tienda tiene un aroma delicioso.|El café que compramos en la tienda tiene un aroma delicioso.
dereck306|¿Cuándo llegará el paquete que pedí por internet la semana pasada?|¿Cuándo llegará el paquete que pedí por internet la semana pasada?
dereck307|La piña que compré estaba muy dulce y jugosa, perfecta para el desayuno.|La piña que compré estaba muy dulce y jugosa, perfecta para el desayuno.
dereck308|¿Por qué no has terminado el libro que empezaste hace tanto tiempo?|¿Por qué no has terminado el libro que empezaste hace tanto tiempo?
dereck309|En la fiesta, todos bailaban al ritmo de la música latina.|En la fiesta, todos bailaban al ritmo de la música latina.
dereck310|Ayer, en la tienda, vi una camisa que me gustó mucho, pero no la compré.|Ayer, en la tienda, vi una camisa que me gustó mucho, pero no la compré.
dereck311|El niño pequeño jugaba en la arena mientras los adultos conversaban en la playa.|El niño pequeño jugaba en la arena mientras los adultos conversaban en la playa.
dereck312|¿Cómo te fue en tu último examen de matemáticas?|¿Cómo te fue en tu último examen de matemáticas?
dereck313|La reunión de esta tarde fue más corta de lo que esperábamos.|La reunión de esta tarde fue más corta de lo que esperábamos.
dereck314|¿Por qué no aprovechas el día soleado para salir a caminar?|¿Por qué no aprovechas el día soleado para salir a caminar?
dereck315|La torta de chocolate que hicimos estaba deliciosa, con una textura esponjosa.|La torta de chocolate que hicimos estaba deliciosa, con una textura esponjosa.
dereck316|¿Qué harás este fin de semana con tu familia?|¿Qué harás este fin de semana con tu familia?
dereck317|El autobús pasó tarde, pero aún llegamos a tiempo para la función de teatro.|El autobús pasó tarde, pero aún llegamos a tiempo para la función de teatro.
dereck318|¿A qué hora te gustaría salir mañana para el viaje?|¿A qué hora te gustaría salir mañana para el viaje?
dereck319|El reloj marcaba las ocho en punto cuando llegamos a la estación de tren.|El reloj marcaba las ocho en punto cuando llegamos a la estación de tren.
dereck320|¿Cómo te sientes después de haber corrido tanto en el partido de fútbol?|¿Cómo te sientes después de haber corrido tanto en el partido de fútbol?
dereck321|El señor Pérez nos explicó detalladamente los pasos a seguir en el proyecto.|El señor Pérez nos explicó detalladamente los pasos a seguir en el proyecto.
dereck322|¿Cuándo piensas entregar el informe que tienes pendiente?|¿Cuándo piensas entregar el informe que tienes pendiente?
dereck323|La casa que visitamos ayer tenía un jardín lleno de flores de todos los colores.|La casa que visitamos ayer tenía un jardín lleno de flores de todos los colores.
dereck324|El viento movía las ramas de los árboles mientras caminábamos por el sendero.|El viento movía las ramas de los árboles mientras caminábamos por el sendero.
dereck325|¿Te gustaría ir al cine este sábado en la tarde?|¿Te gustaría ir al cine este sábado en la tarde?
dereck326|Ayer cocinamos pasta con una salsa de tomate que quedó deliciosa.|Ayer cocinamos pasta con una salsa de tomate que quedó deliciosa.
dereck327|¿Qué piensas sobre el nuevo restaurante que abrieron en el centro?|¿Qué piensas sobre el nuevo restaurante que abrieron en el centro?
dereck328|Las nubes comenzaron a cubrir el cielo justo cuando salíamos de casa.|Las nubes comenzaron a cubrir el cielo justo cuando salíamos de casa.
dereck329|El tren se detuvo en una pequeña estación en medio del campo.|El tren se detuvo en una pequeña estación en medio del campo.
dereck330|¿Por qué no me llamaste para decirme que llegarías tarde?|¿Por qué no me llamaste para decirme que llegarías tarde?
dereck331|El gato dormía plácidamente junto a la ventana mientras la lluvia caía.|El gato dormía plácidamente junto a la ventana mientras la lluvia caía.
dereck332|La feria del pueblo estuvo llena de juegos, comida y diversión para todos.|La feria del pueblo estuvo llena de juegos, comida y diversión para todos.
dereck333|¿Cuántas veces has visitado el museo de arte moderno?|¿Cuántas veces has visitado el museo de arte moderno?
dereck334|El sonido de las olas era calmante mientras nos sentábamos en la orilla del mar.|El sonido de las olas era calmante mientras nos sentábamos en la orilla del mar.
dereck335|¿Dónde compraste esa camiseta tan bonita que llevas hoy?|¿Dónde compraste esa camiseta tan bonita que llevas hoy?
dereck336|El avión despegó justo a tiempo, y pronto estábamos volando sobre las nubes.|El avión despegó justo a tiempo, y pronto estábamos volando sobre las nubes.
dereck337|¿Qué piensas hacer después de terminar tu carrera en la universidad?|¿Qué piensas hacer después de terminar tu carrera en la universidad?
dereck338|En la panadería, el aroma del pan recién hecho era irresistible.|En la panadería, el aroma del pan recién hecho era irresistible.
dereck339|¿Por qué no vienes a cenar a mi casa este fin de semana?|¿Por qué no vienes a cenar a mi casa este fin de semana?
dereck340|El sol brillaba intensamente, pero la brisa fresca hacía el día perfecto para pasear.|El sol brillaba intensamente, pero la brisa fresca hacía el día perfecto para pasear.
dereck341|La carta que recibí de mi amigo estaba llena de noticias interesantes sobre su viaje.|La carta que recibí de mi amigo estaba llena de noticias interesantes sobre su viaje.
dereck342|¿Cuándo fue la última vez que fuiste al cine?|¿Cuándo fue la última vez que fuiste al cine?
dereck343|El río fluía tranquilo mientras caminábamos por el sendero que lo bordeaba.|El río fluía tranquilo mientras caminábamos por el sendero que lo bordeaba.
dereck344|¿Sabes cómo se llega al parque desde esta calle?|¿Sabes cómo se llega al parque desde esta calle?
dereck345|La fiesta en casa de Laura fue muy divertida, todos bailamos hasta tarde.|La fiesta en casa de Laura fue muy divertida, todos bailamos hasta tarde.
dereck346|¿Qué planes tienes para las vacaciones de verano?|¿Qué planes tienes para las vacaciones de verano?
dereck347|En la cima de la montaña, la vista era espectacular, podíamos ver kilómetros a la redonda.|En la cima de la montaña, la vista era espectacular, podíamos ver kilómetros a la redonda.
dereck348|¿Quién te ayudó a organizar la fiesta sorpresa para tu hermano?|¿Quién te ayudó a organizar la fiesta sorpresa para tu hermano?
dereck349|El concierto de anoche fue increíble, los músicos tocaron con mucha pasión.|El concierto de anoche fue increíble, los músicos tocaron con mucha pasión.
dereck350|¿Cuántas veces has viajado en tren?|¿Cuántas veces has viajado en tren?
dereck351|Las luces de la ciudad se encendieron justo cuando comenzaba a anochecer.|Las luces de la ciudad se encendieron justo cuando comenzaba a anochecer.
dereck352|¿Por qué no aprovechas el tiempo libre para leer un buen libro?|¿Por qué no aprovechas el tiempo libre para leer un buen libro?
dereck353|El café que servimos después de la cena fue el final perfecto para la comida.|El café que servimos después de la cena fue el final perfecto para la comida.
dereck354|¿A qué hora empieza la reunión de trabajo mañana?|¿A qué hora empieza la reunión de trabajo mañana?
dereck355|Los niños corrieron hacia el parque emocionados por pasar la tarde jugando.|Los niños corrieron hacia el parque emocionados por pasar la tarde jugando.
dereck356|¿Cuándo planeas comenzar tu nuevo proyecto en la oficina?|¿Cuándo planeas comenzar tu nuevo proyecto en la oficina?
dereck357|La lluvia comenzó a caer suavemente mientras nos refugiábamos bajo un árbol.|La lluvia comenzó a caer suavemente mientras nos refugiábamos bajo un árbol.
dereck358|¿Cómo planeas celebrar tu cumpleaños este año?|¿Cómo planeas celebrar tu cumpleaños este año?
dereck359|El perro ladró emocionado al ver a su dueño llegar a casa después de un largo día.|El perro ladró emocionado al ver a su dueño llegar a casa después de un largo día.
dereck360|¿Quién te recomendó el restaurante donde cenamos anoche?|¿Quién te recomendó el restaurante donde cenamos anoche?
dereck361|El campo estaba cubierto de flores de colores, creando una vista impresionante.|El campo estaba cubierto de flores de colores, creando una vista impresionante.
dereck362|¿Por qué no me dijiste que habías cambiado de trabajo?|¿Por qué no me dijiste que habías cambiado de trabajo?
dereck363|El tren pasó a toda velocidad, dejando una ráfaga de viento a su paso.|El tren pasó a toda velocidad, dejando una ráfaga de viento a su paso.
dereck364|¿Qué opinas de la película que vimos anoche?|¿Qué opinas de la película que vimos anoche?
dereck365|El gato se acurrucó en el sofá, disfrutando del calor de la chimenea.|El gato se acurrucó en el sofá, disfrutando del calor de la chimenea.
dereck366|¿A qué hora nos encontramos mañana para el desayuno?|¿A qué hora nos encontramos mañana para el desayuno?
dereck367|La tienda estaba llena de gente comprando regalos para las fiestas.|La tienda estaba llena de gente comprando regalos para las fiestas.
dereck368|¿Quién te ayudó a decorar la casa para la fiesta?|¿Quién te ayudó a decorar la casa para la fiesta?
dereck369|El sol comenzaba a ponerse cuando llegamos al final del sendero.|El sol comenzaba a ponerse cuando llegamos al final del sendero.
dereck370|¿Por qué no me avisaste antes de salir?|¿Por qué no me avisaste antes de salir?
dereck371|La biblioteca estaba en silencio mientras los estudiantes leían concentrados.|La biblioteca estaba en silencio mientras los estudiantes leían concentrados.
dereck372|¿Te gustaría acompañarme a la exposición de arte este fin de semana?|¿Te gustaría acompañarme a la exposición de arte este fin de semana?
dereck373|El postre que preparé ayer fue un éxito, todos querían la receta.|El postre que preparé ayer fue un éxito, todos querían la receta.
dereck374|¿Por qué no probamos un restaurante diferente este fin de semana?|¿Por qué no probamos un restaurante diferente este fin de semana?
dereck375|La brisa fresca del mar nos acompañaba mientras paseábamos por la playa.|La brisa fresca del mar nos acompañaba mientras paseábamos por la playa.
dereck376|¿Cuánto tiempo piensas que nos tomará llegar a nuestro destino?|¿Cuánto tiempo piensas que nos tomará llegar a nuestro destino?
dereck377|La carta que recibí de mi abuela estaba llena de buenos deseos y consejos.|La carta que recibí de mi abuela estaba llena de buenos deseos y consejos.
dereck378|¿Por qué no me contaste que habías cambiado de dirección?|¿Por qué no me contaste que habías cambiado de dirección?
dereck379|El viento movía las hojas de los árboles, creando un sonido relajante.|El viento movía las hojas de los árboles, creando un sonido relajante.
dereck380|¿A qué hora sale el tren hacia la capital mañana?|¿A qué hora sale el tren hacia la capital mañana?
dereck381|Los niños jugaban alegremente en el patio mientras los adultos conversaban.|Los niños jugaban alegremente en el patio mientras los adultos conversaban.
dereck382|¿Cuántas veces has visitado a tu abuela en las últimas semanas?|¿Cuántas veces has visitado a tu abuela en las últimas semanas?
dereck383|El concierto de anoche fue espectacular, la orquesta tocó magistralmente.|El concierto de anoche fue espectacular, la orquesta tocó magistralmente.
dereck384|¿Por qué no te quedas a cenar con nosotros esta noche?|¿Por qué no te quedas a cenar con nosotros esta noche?
dereck385|La luna llena iluminaba el camino mientras paseábamos por el bosque.|La luna llena iluminaba el camino mientras paseábamos por el bosque.
dereck386|¿Cuándo fue la última vez que fuiste al teatro?|¿Cuándo fue la última vez que fuiste al teatro?
dereck387|El aroma del café recién hecho llenaba la casa en la mañana.|El aroma del café recién hecho llenaba la casa en la mañana.
dereck388|¿Te gustaría acompañarnos al viaje que estamos planeando para el verano?|¿Te gustaría acompañarnos al viaje que estamos planeando para el verano?
dereck389|El autobús se detuvo justo frente a nuestra parada y subimos rápidamente.|El autobús se detuvo justo frente a nuestra parada y subimos rápidamente.
dereck390|¿Cómo piensas decorar tu casa para las fiestas navideñas este año?|¿Cómo piensas decorar tu casa para las fiestas navideñas este año?
dereck391|El libro que estoy leyendo ahora es muy interesante, no puedo dejar de leerlo.|El libro que estoy leyendo ahora es muy interesante, no puedo dejar de leerlo.
dereck392|¿Qué tal te fue en la entrevista de trabajo que tuviste la semana pasada?|¿Qué tal te fue en la entrevista de trabajo que tuviste la semana pasada?
dereck393|El jardín estaba lleno de flores de colores que atraían a las mariposas.|El jardín estaba lleno de flores de colores que atraían a las mariposas.
dereck394|¿Cuántas veces te has mudado en los últimos años?|¿Cuántas veces te has mudado en los últimos años?
dereck395|La comida que pedimos para la cena fue deliciosa, especialmente el postre.|La comida que pedimos para la cena fue deliciosa, especialmente el postre.
dereck396|¿Por qué no intentas hablar con él para resolver el malentendido?|¿Por qué no intentas hablar con él para resolver el malentendido?
dereck397|El tren llegó puntual a la estación y todos subieron ordenadamente.|El tren llegó puntual a la estación y todos subieron ordenadamente.
dereck398|¿Cuándo piensas tomar unas vacaciones para descansar?|¿Cuándo piensas tomar unas vacaciones para descansar?
dereck399|Las luces del teatro se apagaron y comenzó la función que estábamos esperando.|Las luces del teatro se apagaron y comenzó la función que estábamos esperando.
dereck400|¿Por qué no intentas cocinar una nueva receta este fin de semana?|¿Por qué no intentas cocinar una nueva receta este fin de semana?
